file,toeic,proficiency,qType,quest_label,quest_tstart,quest_tend,quest_tmid,visual,vegetative,vocal_start,vocal_end,vocal_label,combined,verbal,viable
J2-003,850,Intermediate,Polar,10,11786,13792,12789,,,,,,14236,,14236
J2-003,850,Intermediate,Open,20,24459,27482,25970,27700,,,,,28158,28158,31679
J2-003,850,Intermediate,Polar,30,65745,68264,67004,69260,,69831,70589,mmm,70810,70810,71362
J2-003,850,Intermediate,Open,50,109778,113672,111725,113125,,113734,114293,uh,115464,115464,117293
J2-005,865,Intermediate,Polar,10,12648,14324,13486,14500,,15238,15577,,15811,,15811
J2-005,865,Intermediate,Open,20,39222,42017,40619,41372,42087,,,,42617,42617,48905
J2-005,865,Intermediate,Polar,30,74935,77786,76360,78047,,,,,78253,,78253
J2-005,865,Intermediate,Open,50,102248,106563,104405,105663,,107059,107858,uuuh,109029,,109029
J2-009,820,Intermediate,Polar,10,8536,10521,9528,,8536,,,,11177,,11177
J2-009,820,Intermediate,Open,20,24759,27280,26019,26594,,,,,28529,28529,30974
J2-009,820,Intermediate,Polar,30,66910,69405,68157,69022,,,,,69381,,69381
J2-009,820,Intermediate,Open,50,108484,112768,110626,112219,,,,,113765,113765,118000
J2-018,805,Intermediate,Polar,10,8546,10336,9441,10753,,,,,10922,,10922
J2-018,805,Intermediate,Open,20,20048,22530,21289,22890,,23577,23881,mmm,25411,25411,27134
J2-018,805,Intermediate,Polar,30,69731,72347,71039,,,,,,72760,,72760
J2-018,805,Intermediate,Open,50,100954,104331,102642,103982,104510,107458,108186,mmm,110711,,110711
J2-026,807,Intermediate,Polar,10,8860,10551,9705,11607,,11718,12082,mmm,12092,,12092
J2-026,807,Intermediate,Open,20,31808,34451,33129,,,35722,36237,eeeh,37086,37086,38438
J2-026,807,Intermediate,Polar,30,84287,86877,85582,87570,,87810,88868,mmm,89589,,89589
J2-026,807,Intermediate,Open,50,107185,110236,108710,,,111666,112093,mmm,116294,,116294
J2-034,885,Intermediate,Polar,10,10681,12549,11615,12731,12921,,,,13348,,13348
J2-034,885,Intermediate,Open,20,34190,36668,35429,35429,,,,,37246,37246,40017
J2-034,885,Intermediate,Polar,30,70453,72756,71604,72399,,73571,74216,unclear,74216,74216,74619
J2-034,885,Intermediate,Open,50,171303,174222,172762,174442,,,,,175702,175702,
J2-036,830,Intermediate,Polar,10,9675,11319,10497,11545,,,,,12491,,12491
J2-036,830,Intermediate,Open,20,23366,25932,24649,,,27347,,repetition,28732,28732,29268
J2-036,830,Intermediate,Polar,30,73050,75521,74285,75092,,,,,75957,,75957
J2-036,830,Intermediate,Open,50,118326,121971,120148,122503,123015,,,,125140,125140,126589
J2-046,830,Intermediate,Polar,10,11283,12734,12008,12869,12990,,,,13473,,13473
J2-046,830,Intermediate,Open,20,18850,21127,19988,,,,,,21539,21539,27029
J2-046,830,Intermediate,Polar,30,65699,68064,66881,68159,,,,,68576,,68576
J2-046,830,Intermediate,Open,50,94001,97526,95763,97700,97750,98742,100596,mmm,102179,102179,107483
J2-066,810,Intermediate,Polar,10,7065,8559,7812,,8892,,,,9203,,9203
J2-066,810,Intermediate,Open,20,54358,56819,55588,55500,,57377,57775,mmm,59688,,59688
J2-066,810,Intermediate,Polar,30,64019,66193,65106,65815,,,,,66336,,66336
J2-066,810,Intermediate,Open,50,105954,108977,107465,109089,109206,109716,109998,ah,111114,111114,112689
J2-076,865,Intermediate,Polar,10,5014,6690,5852,6815,,,,,7974,7974,
J2-076,865,Intermediate,Open,20,33200,36190,34695,,,36635,37354,uuuh,37346,,37346
J2-076,865,Intermediate,Polar,30,47483,49599,48541,,,50052,50413,uuuh,50413,,50413
J2-076,865,Intermediate,Open,50,117146,120408,118777,,,120677,121283,uuuh,121338,,121338
J2-083,835,Intermediate,Polar,10,7615,9209,8412,9159,,,,,9619,,9619
J2-083,835,Intermediate,Open,20,14265,16947,15606,,,17001,18045,mmm,20312,,20312
J2-083,835,Intermediate,Polar,30,31491,34260,32875,33470,,,,,33684,,33684
J2-083,835,Intermediate,Open,50,67476,70780,69128,70148,71162,71539,72063,aaah,74748,74748,75923
J2-087,840,Intermediate,Polar,10,8704,10419,9561,,,,,,10783,,10783
J2-087,840,Intermediate,Open,20,21548,24359,22953,24851,,,,,25220,25220,26250
J2-087,840,Intermediate,Polar,30,38463,40968,39715,40863,,,,,41119,,41119
J2-087,840,Intermediate,Open,50,76042,79766,77904,79719,,79831,79899,mmm,80675,80675,83285
J2-089,807,Intermediate,Polar,10,8269,9917,9093,,10147,,,,10317,10229,10317
J2-089,807,Intermediate,Open,20,22703,25389,24046,25648,,26001,26544,mmm,27953,,27953
J2-089,807,Intermediate,Polar,30,31723,34161,32942,,34495,35088,35345,mmm,35554,,35554
J2-089,807,Intermediate,Open,50,82930,86435,84682,86638,87073,87216,88325,mmm,89665,,89665
J5-008,225,Beginner,Polar,10,12860,15096,13978,,,15704,16151,mmm,16341,,16341
J5-008,225,Beginner,Open,20,44175,46802,45488,,47217,47256,47941,ah,50024,50024,61488
J5-008,225,Beginner,Polar,30,67619,70050,68834,,,70250,70817,mmm,71181,,71181
J5-008,225,Beginner,Open,50,169166,172632,170899,173267,173583,173716,174667,,180059,180059,187704
J5-021,307,Beginner,Polar,10,10004,11854,10929,12222,,12409,13123,uuuh,13429,13429,18710
J5-021,307,Beginner,Open,20,42748,45660,44204,45660,,47027,47572,mmm,52262,,52262
J5-021,307,Beginner,Polar,30,74109,76621,75365,77456,,77670,77945,ah,77945,,77945
J5-021,307,Beginner,Open,50,155547,159726,157636,,160095,161142,162031,aaah,166350,166350,179310
J5-035,295,Beginner,Polar,10,6896,8470,7683,7902,,,,,8621,,8621
J5-035,295,Beginner,Open,20,26472,29230,27851,29854,,,,,30360,,30360
J5-035,295,Beginner,Polar,30,66575,69292,67933,,69497,69939,70935,mmm,71029,,71029
J5-035,295,Beginner,Open,50,115031,119760,117395,,,120852,121382,mmm,121537,121537,122830
J5-038,349,Beginner,Polar,10,10939,12893,11916,13373,,13500,14116,mmm,14116,,14116
J5-038,349,Beginner,Open,20,35824,38955,37389,39736,40075,40168,41274,oooh,43068,,43068
J5-038,349,Beginner,Polar,30,71861,74541,73201,74546,,,,,74765,,74765
J5-038,349,Beginner,Open,50,124671,128526,126598,,128866,129644,130193,oooh,131467,,131467
J5-040,305,Beginner,Polar,10,8173,9792,8982,10570,,,,,11446,,11446
J5-040,305,Beginner,Open,20,31040,33398,32219,,,,,,34219,34219,36481
J5-040,305,Beginner,Polar,30,88836,91200,90018,91694,,,,,91768,,91768
J5-040,305,Beginner,Open,50,133855,137843,135849,138721,,,,,139022,139022,
J5-044,360,Beginner,Polar,10,7825,9221,8523,9510,,9971,10486,mmm,11735,,11735
J5-044,360,Beginner,Open,20,38064,41264,39664,41676,,42645,43957,mmm,45397,,45397
J5-044,360,Beginner,Polar,30,80353,82896,81624,83920,,,,,85194,,85194
J5-044,360,Beginner,Open,50,144566,148490,146528,150603,,151818,152447,,153919,153919,
J5-055,349,Beginner,Polar,10,7467,9053,8260,9531,,10050,10493,mmm,10493,,10493
J5-055,349,Beginner,Open,20,18757,21628,20192,,22068,22700,23631,mmm,24555,,24555
J5-055,349,Beginner,Polar,30,57259,59582,58420,60128,,,,,60643,,60643
J5-055,349,Beginner,Open,50,88852,92697,90774,93167,,93699,94429,mmm,94463,94463,96500
J5-057,336,Beginner,Polar,10,7802,9479,8640,9381,,,,,9913,,9913
J5-057,336,Beginner,Open,20,29168,31911,30539,,,32768,,,33071,33071,34170
J5-057,336,Beginner,Polar,30,55566,58072,56819,,58594,,,,59007,,59007
J5-057,336,Beginner,Open,50,100773,104435,102604,,104524,105540,106163,mmm,106429,106429,117619
J5-086,295,Beginner,Polar,10,8622,10401,9511,,,10711,11660,uhmm,11660,11660,12670
J5-086,295,Beginner,Open,20,50670,53215,51942,,,53632,54050,ahmm,55071,,55071
J5-086,295,Beginner,Polar,30,65911,68359,67135,68063,68375,68826,69359,aaah,70115,70115,
J5-086,295,Beginner,Open,50,152825,156562,154693,156348,,156927,157629,aaahmm,157751,157751,168716
J5-091,378,Beginner,Polar,10,9817,11719,10768,12068,12565,,,,13505,,35786
J5-091,378,Beginner,Open,20,35786,38927,37356,,,,,,39312,39312,41798
J5-091,378,Beginner,Polar,30,89086,91544,90315,91129,,,,,91401,,91401
J5-091,378,Beginner,Open,50,129406,133567,131486,134022,,134627,135409,mmm,135456,135456,137840
J5-092,266,Beginner,Polar,10,8536,10155,9345,10439,,,,,10603,,10603
J5-092,266,Beginner,Open,20,23861,26734,25297,25728,,27113,28097,mmm,28522,,28522
J5-092,266,Beginner,Polar,30,57604,60189,58896,60388,,,,,60548,,60548
J5-092,266,Beginner,Open,50,99514,103954,101734,,,104400,105437,mmm,107361,107361,108978
